{
  "format_version": "1.12.0",
  "minecraft:geometry": [
    {
      "description": {
        "identifier": "geometry.ad3_ledakancahayaw_bullet",
        "texture_width": 32,
        "texture_height": 32,
        "visible_bounds_width": 12,
        "visible_bounds_height": 12,
        "visible_bounds_offset": [
          0,
          4,
          0
        ]
      },
      "bones": [
        {
          "name": "1",
          "pivot": [
            0,
            0,
            0
          ],
          "cubes": [
            {
              "origin": [
                -58,
                10,
                -58
              ],
              "size": [
                116,
                0,
                116
              ],
              "uv": {
                "north": {
                  "uv": [
                    0,
                    0
                  ],
                  "uv_size": [
                    2,
                    0
                  ]
                },
                "east": {
                  "uv": [
                    0,
                    0
                  ],
                  "uv_size": [
                    2,
                    0
                  ]
                },
                "south": {
                  "uv": [
                    0,
                    0
                  ],
                  "uv_size": [
                    2,
                    0
                  ]
                },
                "west": {
                  "uv": [
                    0,
                    0
                  ],
                  "uv_size": [
                    2,
                    0
                  ]
                },
                "up": {
                  "uv": [
                    22.04444,
                    11.97037
                  ],
                  "uv_size": [
                    -10.78519,
                    -10.9037
                  ]
                },
                "down": {
                  "uv": [
                    2,
                    2
                  ],
                  "uv_size": [
                    -2,
                    -2
                  ]
                }
              }
            },
            {
              "origin": [
                -50,
                10,
                -71
              ],
              "size": [
                116,
                0,
                116
              ],
              "pivot": [
                0,
                0,
                0
              ],
              "rotation": [
                -27.5,
                0,
                0
              ],
              "uv": {
                "north": {
                  "uv": [
                    0,
                    0
                  ],
                  "uv_size": [
                    2,
                    0
                  ]
                },
                "east": {
                  "uv": [
                    0,
                    0
                  ],
                  "uv_size": [
                    2,
                    0
                  ]
                },
                "south": {
                  "uv": [
                    0,
                    0
                  ],
                  "uv_size": [
                    2,
                    0
                  ]
                },
                "west": {
                  "uv": [
                    0,
                    0
                  ],
                  "uv_size": [
                    2,
                    0
                  ]
                },
                "up": {
                  "uv": [
                    4.74074,
                    25.00741
                  ],
                  "uv_size": [
                    -4.74074,
                    -6.63704
                  ]
                },
                "down": {
                  "uv": [
                    20.37037,
                    22.02963
                  ],
                  "uv_size": [
                    -10.2963,
                    -10.2963
                  ]
                }
              }
            },
            {
              "origin": [
                -58,
                5,
                -9
              ],
              "size": [
                116,
                0,
                116
              ],
              "pivot": [
                0,
                0,
                0
              ],
              "rotation": [
                32.5,
                0,
                0
              ],
              "uv": {
                "north": {
                  "uv": [
                    0,
                    0
                  ],
                  "uv_size": [
                    2,
                    0
                  ]
                },
                "east": {
                  "uv": [
                    0,
                    0
                  ],
                  "uv_size": [
                    2,
                    0
                  ]
                },
                "south": {
                  "uv": [
                    0,
                    0
                  ],
                  "uv_size": [
                    2,
                    0
                  ]
                },
                "west": {
                  "uv": [
                    0,
                    0
                  ],
                  "uv_size": [
                    2,
                    0
                  ]
                },
                "up": {
                  "uv": [
                    21.21481,
                    24.65185
                  ],
                  "uv_size": [
                    -10.78519,
                    -10.9037
                  ]
                },
                "down": {
                  "uv": [
                    2,
                    2
                  ],
                  "uv_size": [
                    -2,
                    -2
                  ]
                }
              }
            },
            {
              "origin": [
                -27,
                0,
                -1
              ],
              "size": [
                58,
                87,
                0
              ],
              "pivot": [
                0,
                0,
                0
              ],
              "rotation": [
                25,
                0,
                0
              ],
              "uv": {
                "north": {
                  "uv": [
                    2.25185,
                    1.3037
                  ],
                  "uv_size": [
                    7.80741,
                    9.11111
                  ]
                },
                "east": {
                  "uv": [
                    0,
                    0
                  ],
                  "uv_size": [
                    2,
                    2
                  ]
                },
                "south": {
                  "uv": [
                    0,
                    0
                  ],
                  "uv_size": [
                    2,
                    2
                  ]
                },
                "west": {
                  "uv": [
                    0,
                    0
                  ],
                  "uv_size": [
                    2,
                    2
                  ]
                },
                "up": {
                  "uv": [
                    2,
                    2
                  ],
                  "uv_size": [
                    -2,
                    -2
                  ]
                },
                "down": {
                  "uv": [
                    2,
                    2
                  ],
                  "uv_size": [
                    -2,
                    -2
                  ]
                }
              }
            },
            {
              "origin": [
                -27,
                0,
                -1
              ],
              "size": [
                58,
                87,
                0
              ],
              "pivot": [
                0,
                0,
                0
              ],
              "rotation": [
                -32.5,
                0,
                0
              ],
              "uv": {
                "north": {
                  "uv": [
                    2.25185,
                    1.3037
                  ],
                  "uv_size": [
                    7.80741,
                    9.11111
                  ]
                },
                "east": {
                  "uv": [
                    0,
                    0
                  ],
                  "uv_size": [
                    2,
                    2
                  ]
                },
                "south": {
                  "uv": [
                    0,
                    0
                  ],
                  "uv_size": [
                    2,
                    2
                  ]
                },
                "west": {
                  "uv": [
                    0,
                    0
                  ],
                  "uv_size": [
                    2,
                    2
                  ]
                },
                "up": {
                  "uv": [
                    2,
                    2
                  ],
                  "uv_size": [
                    -2,
                    -2
                  ]
                },
                "down": {
                  "uv": [
                    2,
                    2
                  ],
                  "uv_size": [
                    -2,
                    -2
                  ]
                }
              }
            },
            {
              "origin": [
                -27,
                0,
                -1
              ],
              "size": [
                58,
                87,
                0
              ],
              "pivot": [
                0,
                0,
                0
              ],
              "rotation": [
                0,
                -90,
                -25
              ],
              "uv": {
                "north": {
                  "uv": [
                    2.25185,
                    1.3037
                  ],
                  "uv_size": [
                    7.80741,
                    9.11111
                  ]
                },
                "east": {
                  "uv": [
                    0,
                    0
                  ],
                  "uv_size": [
                    2,
                    2
                  ]
                },
                "south": {
                  "uv": [
                    0,
                    0
                  ],
                  "uv_size": [
                    2,
                    2
                  ]
                },
                "west": {
                  "uv": [
                    0,
                    0
                  ],
                  "uv_size": [
                    2,
                    2
                  ]
                },
                "up": {
                  "uv": [
                    2,
                    2
                  ],
                  "uv_size": [
                    -2,
                    -2
                  ]
                },
                "down": {
                  "uv": [
                    2,
                    2
                  ],
                  "uv_size": [
                    -2,
                    -2
                  ]
                }
              }
            },
            {
              "origin": [
                -27,
                0,
                -1
              ],
              "size": [
                58,
                87,
                0
              ],
              "pivot": [
                0,
                0,
                0
              ],
              "rotation": [
                0,
                -90,
                32.5
              ],
              "uv": {
                "north": {
                  "uv": [
                    2.25185,
                    1.3037
                  ],
                  "uv_size": [
                    7.80741,
                    9.11111
                  ]
                },
                "east": {
                  "uv": [
                    0,
                    0
                  ],
                  "uv_size": [
                    2,
                    2
                  ]
                },
                "south": {
                  "uv": [
                    0,
                    0
                  ],
                  "uv_size": [
                    2,
                    2
                  ]
                },
                "west": {
                  "uv": [
                    0,
                    0
                  ],
                  "uv_size": [
                    2,
                    2
                  ]
                },
                "up": {
                  "uv": [
                    2,
                    2
                  ],
                  "uv_size": [
                    -2,
                    -2
                  ]
                },
                "down": {
                  "uv": [
                    2,
                    2
                  ],
                  "uv_size": [
                    -2,
                    -2
                  ]
                }
              }
            }
          ]
        }
      ]
    }
  ]
}