{
	"format_version": "1.12.0",
	"minecraft:geometry": [
		{
			"description": {
				"identifier": "geometry.angga1",
				"texture_width": 32,
				"texture_height": 32,
				"visible_bounds_width": 14,
				"visible_bounds_height": 8,
				"visible_bounds_offset": [0, 2, 0]
			},
			"bones": [
				{
					"name": "bone",
					"pivot": [0, 0, 0]
				},
				{
					"name": "bone5",
					"parent": "bone",
					"pivot": [10, 10, 0],
					"rotation": [0, 0, -35]
				},
				{
					"name": "bone2",
					"parent": "bone5",
					"pivot": [10, 25, 0],
					"rotation": [0, -145, 0],
					"cubes": [
						{
							"origin": [-56, 25, -66],
							"size": [132, 0, 132],
							"uv": {
								"north": {"uv": [0, 0], "uv_size": [2, 2]},
								"east": {"uv": [0, 0], "uv_size": [2, 2]},
								"south": {"uv": [0, 0], "uv_size": [2, 2]},
								"west": {"uv": [0, 0], "uv_size": [2, 2]},
								"up": {"uv": [32, 32], "uv_size": [-32, -32]},
								"down": {"uv": [2, 2], "uv_size": [-2, -2]}
							}
						}
					]
				},
				{
					"name": "bone4",
					"parent": "bone",
					"pivot": [-9, 10, 0],
					"rotation": [0, 0, 35]
				},
				{
					"name": "bone3",
					"parent": "bone4",
					"pivot": [-9, 25, 0],
					"rotation": [0, -145, 0]
				}
			]
		}
	]
}