{
	"format_version": "1.12.0",
	"minecraft:geometry": [
		{
			"description": {
				"identifier": "geometry.Cahaya_spawn",
				"texture_width": 512,
				"texture_height": 512,
				"visible_bounds_width": 7,
				"visible_bounds_height": 9,
				"visible_bounds_offset": [0, 0.5, 0]
			},
			"bones": [
				{
					"name": "spawn",
					"pivot": [1.5, -49.875, 3],
					"rotation": [0, -90, 0],
					"cubes": [
						{
							"origin": [-2, -49.75, -1.88],
							"size": [0, 3.25, 5.76],
							"pivot": [-2, -57, 0],
							"rotation": [15, 0, 0],
							"uv": {
								"east": {"uv": [5.5, 128], "uv_size": [31, 51.5]},
								"west": {"uv": [177.5, 121], "uv_size": [52.5, 31]}
							}
						},
						{
							"origin": [-2, -49.75, 3.12],
							"size": [0, 3.25, 5.76],
							"pivot": [-2, -57, 5],
							"rotation": [47.5, 0, 0],
							"uv": {
								"east": {"uv": [5.5, 128], "uv_size": [31, 51.5]},
								"west": {"uv": [177.5, 121], "uv_size": [52.5, 31]}
							}
						},
						{
							"origin": [-2, -49.75, -2.88],
							"size": [0, 3.25, 5.76],
							"pivot": [-2, -57, -1],
							"rotation": [-127.5, 0, 180],
							"uv": {
								"east": {"uv": [5.5, 128], "uv_size": [31, 51.5]},
								"west": {"uv": [177.5, 121], "uv_size": [52.5, 31]}
							}
						},
						{
							"origin": [-2, -49.75, 1.12],
							"size": [0, 3.25, 5.76],
							"pivot": [-2, -57, 3],
							"rotation": [-150, 0, 180],
							"uv": {
								"east": {"uv": [5.5, 128], "uv_size": [31, 51.5]},
								"west": {"uv": [177.5, 121], "uv_size": [52.5, 31]}
							}
						},
						{
							"origin": [-2, -47.75, -6.88],
							"size": [0, 3.25, 6.76],
							"pivot": [-2, -55, -4],
							"rotation": [-15, 0, 0],
							"uv": {
								"east": {"uv": [5.5, 128], "uv_size": [31, 51.5]},
								"west": {"uv": [177.5, 121], "uv_size": [52.5, 31]}
							}
						},
						{
							"origin": [-2, -47.75, 6.12],
							"size": [0, 3.25, 6.76],
							"pivot": [-2, -55, 9],
							"rotation": [170, 0, 180],
							"uv": {
								"east": {"uv": [5.5, 128], "uv_size": [31, 51.5]},
								"west": {"uv": [177.5, 121], "uv_size": [52.5, 31]}
							}
						},
						{
							"origin": [-2, -48.75, -0.88],
							"size": [0, 26.25, 7.76],
							"uv": {
								"east": {"uv": [120.5, 106], "uv_size": [43.5, 143.5]},
								"west": {"uv": [0, 131.5], "uv_size": [12, 68]}
							}
						},
						{
							"origin": [-2.405, -47.94275, 4.33466],
							"size": [0.81, 0.75, 0.8],
							"pivot": [-2, -44.0625, 3],
							"rotation": [-45, 0, 0],
							"uv": {
								"north": {"uv": [116, 56], "uv_size": [3, 3]},
								"east": {"uv": [116, 60], "uv_size": [3, 3]},
								"south": {"uv": [116, 64], "uv_size": [3, 3]},
								"west": {"uv": [116, 68], "uv_size": [3, 3]},
								"up": {"uv": [72, 116], "uv_size": [3, 3]},
								"down": {"uv": [116, 75], "uv_size": [3, -3]}
							}
						},
						{
							"origin": [-2.4, -48.75, 1.2],
							"size": [0.8, 1, 0.8],
							"uv": {
								"north": {"uv": [112, 92], "uv_size": [3, 4]},
								"east": {"uv": [96, 112], "uv_size": [3, 4]},
								"south": {"uv": [112, 96], "uv_size": [3, 4]},
								"west": {"uv": [100, 112], "uv_size": [3, 4]},
								"up": {"uv": [76, 116], "uv_size": [3, 3]},
								"down": {"uv": [80, 119], "uv_size": [3, -3]}
							}
						},
						{
							"origin": [-2.5, -48.62666, -0.59054],
							"size": [1, 1, 1],
							"pivot": [-2, -44.0625, 3],
							"rotation": [22.5, 0, 0],
							"uv": {
								"north": {"uv": [48, 108], "uv_size": [4, 4]},
								"east": {"uv": [52, 108], "uv_size": [4, 4]},
								"south": {"uv": [56, 108], "uv_size": [4, 4]},
								"west": {"uv": [60, 108], "uv_size": [4, 4]},
								"up": {"uv": [108, 64], "uv_size": [4, 4]},
								"down": {"uv": [108, 72], "uv_size": [4, -4]}
							}
						},
						{
							"origin": [-2.6, -48.02099, -2.37271],
							"size": [1.2, 1.5, 1.5],
							"pivot": [-2, -44.0625, 3],
							"rotation": [45, 0, 0],
							"uv": {
								"north": {"uv": [92, 96], "uv_size": [5, 6]},
								"east": {"uv": [96, 0], "uv_size": [6, 6]},
								"south": {"uv": [100, 64], "uv_size": [5, 6]},
								"west": {"uv": [96, 8], "uv_size": [6, 6]},
								"up": {"uv": [100, 72], "uv_size": [5, 6]},
								"down": {"uv": [100, 86], "uv_size": [5, -6]}
							}
						},
						{
							"origin": [-2.4, -47.79098, -0.72847],
							"size": [0.8, 1.5, 1.5],
							"pivot": [-1.95, -44.0625, 3],
							"rotation": [45, 0, 0],
							"uv": {
								"north": {"uv": [0, 108], "uv_size": [3, 6]},
								"east": {"uv": [96, 16], "uv_size": [6, 6]},
								"south": {"uv": [4, 108], "uv_size": [3, 6]},
								"west": {"uv": [96, 24], "uv_size": [6, 6]},
								"up": {"uv": [8, 108], "uv_size": [3, 6]},
								"down": {"uv": [12, 114], "uv_size": [3, -6]}
							}
						},
						{
							"origin": [-2.325, -49.0247, 2.25],
							"size": [0.65, 1.5, 1.5],
							"uv": {
								"north": {"uv": [36, 112], "uv_size": [2.5, 6]},
								"east": {"uv": [96, 32], "uv_size": [6, 6]},
								"south": {"uv": [112, 36], "uv_size": [2.5, 6]},
								"west": {"uv": [96, 40], "uv_size": [6, 6]},
								"up": {"uv": [40, 112], "uv_size": [2.5, 6]},
								"down": {"uv": [44, 118], "uv_size": [2.5, -6]}
							}
						},
						{
							"origin": [-2.675, -57.36, 2.25],
							"size": [1.35, 1.5, 1.5],
							"uv": {
								"north": {"uv": [112, 36], "uv_size": [2.5, 6]},
								"east": {"uv": [96, 32], "uv_size": [6, 6]},
								"south": {"uv": [36, 112], "uv_size": [2.5, 6]},
								"west": {"uv": [96, 40], "uv_size": [6, 6]},
								"up": {"uv": [44, 112], "uv_size": [2.5, 6]},
								"down": {"uv": [40, 118], "uv_size": [2.5, -6]}
							}
						},
						{
							"origin": [-2.3, -48.35996, 3.63201],
							"size": [0.6, 1.5, 0.65],
							"pivot": [-2, -44.0625, 3],
							"rotation": [-22.5, 0, 0],
							"uv": {
								"north": {"uv": [112, 44], "uv_size": [2.5, 6]},
								"east": {"uv": [48, 112], "uv_size": [2.5, 6]},
								"south": {"uv": [52, 112], "uv_size": [2.5, 6]},
								"west": {"uv": [112, 52], "uv_size": [2.5, 6]},
								"up": {"uv": [56, 120], "uv_size": [2.5, 2.5]},
								"down": {"uv": [120, 58.5], "uv_size": [2.5, -2.5]}
							}
						},
						{
							"origin": [-2.3, -48.35996, 1.71799],
							"size": [0.6, 1.5, 0.65],
							"pivot": [-2, -44.0625, 3],
							"rotation": [22.5, 0, 0],
							"uv": {
								"north": {"uv": [56, 112], "uv_size": [2.5, 6]},
								"east": {"uv": [60, 112], "uv_size": [2.5, 6]},
								"south": {"uv": [112, 60], "uv_size": [2.5, 6]},
								"west": {"uv": [112, 68], "uv_size": [2.5, 6]},
								"up": {"uv": [60, 120], "uv_size": [2.5, 2.5]},
								"down": {"uv": [120, 62.5], "uv_size": [2.5, -2.5]}
							}
						},
						{
							"origin": [-2.305, -46.40105, 0.66145],
							"size": [0.61, 0.68, 0.68],
							"pivot": [-2, -44.0625, 3],
							"rotation": [45, 0, 0],
							"uv": {
								"north": {"uv": [120, 64], "uv_size": [2.5, 2.5]},
								"east": {"uv": [120, 68], "uv_size": [2.5, 2.5]},
								"south": {"uv": [72, 120], "uv_size": [2.5, 2.5]},
								"west": {"uv": [120, 72], "uv_size": [2.5, 2.5]},
								"up": {"uv": [76, 120], "uv_size": [2.5, 2.5]},
								"down": {"uv": [120, 78.5], "uv_size": [2.5, -2.5]}
							}
						},
						{
							"origin": [-2.4, -55.5, 2.6],
							"size": [0.8, 5.25, 0.8],
							"uv": {
								"north": {"uv": [92, 0], "uv_size": [3, 13]},
								"east": {"uv": [92, 16], "uv_size": [3, 13]},
								"south": {"uv": [92, 32], "uv_size": [3, 13]},
								"west": {"uv": [92, 48], "uv_size": [3, 13]},
								"up": {"uv": [84, 116], "uv_size": [3, 3]},
								"down": {"uv": [116, 87], "uv_size": [3, -3]}
							}
						},
						{
							"origin": [-2.65, -50.4, 2.25],
							"size": [1.3, 0.8, 1.5],
							"uv": {
								"north": {"uv": [72, 112], "uv_size": [5, 3]},
								"east": {"uv": [16, 108], "uv_size": [6, 3]},
								"south": {"uv": [112, 76], "uv_size": [5, 3]},
								"west": {"uv": [24, 108], "uv_size": [6, 3]},
								"up": {"uv": [100, 88], "uv_size": [5, 6]},
								"down": {"uv": [100, 102], "uv_size": [5, -6]}
							}
						},
						{
							"origin": [-2.55, -51.1, 2.45],
							"size": [1.1, 0.5, 1.1],
							"uv": {
								"north": {"uv": [116, 88], "uv_size": [4.5, 2]},
								"east": {"uv": [116, 92], "uv_size": [4.5, 2]},
								"south": {"uv": [96, 116], "uv_size": [4.5, 2]},
								"west": {"uv": [116, 96], "uv_size": [4.5, 2]},
								"up": {"uv": [72, 104], "uv_size": [4.5, 4.5]},
								"down": {"uv": [80, 108.5], "uv_size": [4.5, -4.5]}
							}
						},
						{
							"origin": [-2.65, -56.3, 2.25],
							"size": [1.3, 0.8, 1.5],
							"uv": {
								"north": {"uv": [80, 112], "uv_size": [5, 3]},
								"east": {"uv": [32, 108], "uv_size": [6, 3]},
								"south": {"uv": [112, 80], "uv_size": [5, 3]},
								"west": {"uv": [40, 108], "uv_size": [6, 3]},
								"up": {"uv": [104, 0], "uv_size": [5, 6]},
								"down": {"uv": [104, 14], "uv_size": [5, -6]}
							}
						},
						{
							"origin": [-2.55, -55.3, 2.45],
							"size": [1.1, 0.5, 1.1],
							"uv": {
								"north": {"uv": [116, 100], "uv_size": [4.5, 2]},
								"east": {"uv": [104, 116], "uv_size": [4.5, 2]},
								"south": {"uv": [116, 104], "uv_size": [4.5, 2]},
								"west": {"uv": [116, 108], "uv_size": [4.5, 2]},
								"up": {"uv": [92, 104], "uv_size": [4.5, 4.5]},
								"down": {"uv": [100, 108.5], "uv_size": [4.5, -4.5]}
							}
						},
						{
							"origin": [-2.8, -54.26364, -5.20114],
							"size": [1.6, 1.5, 1.5],
							"pivot": [-2, -46.0625, 3],
							"rotation": [45, 0, 0],
							"uv": {
								"north": {"uv": [92, 64], "uv_size": [6.5, 6]},
								"east": {"uv": [96, 48], "uv_size": [6, 6]},
								"south": {"uv": [92, 72], "uv_size": [6.5, 6]},
								"west": {"uv": [96, 56], "uv_size": [6, 6]},
								"up": {"uv": [92, 80], "uv_size": [6.5, 6]},
								"down": {"uv": [92, 94], "uv_size": [6.5, -6]}
							}
						},
						{
							"origin": [-2.405, -46.315, -3.72118],
							"size": [0.81, 0.75, 0.8],
							"pivot": [-2, -44.0625, 3],
							"rotation": [45, 0, 0],
							"uv": {
								"north": {"uv": [112, 116], "uv_size": [3, 3]},
								"east": {"uv": [116, 112], "uv_size": [3, 3]},
								"south": {"uv": [116, 116], "uv_size": [3, 3]},
								"west": {"uv": [0, 120], "uv_size": [3, 3]},
								"up": {"uv": [120, 0], "uv_size": [3, 3]},
								"down": {"uv": [4, 123], "uv_size": [3, -3]}
							}
						},
						{
							"origin": [-2.4, -50.40784, -0.15984],
							"size": [0.8, 0.8, 1],
							"uv": {
								"north": {"uv": [120, 4], "uv_size": [3, 3]},
								"east": {"uv": [112, 100], "uv_size": [4, 3]},
								"south": {"uv": [8, 120], "uv_size": [3, 3]},
								"west": {"uv": [104, 112], "uv_size": [4, 3]},
								"up": {"uv": [112, 104], "uv_size": [3, 4]},
								"down": {"uv": [108, 116], "uv_size": [3, -4]}
							}
						},
						{
							"origin": [-2.5, -49.23203, -1.50138],
							"size": [1, 1, 1],
							"pivot": [-2, -44.0625, 3],
							"rotation": [22.5, 0, 0],
							"uv": {
								"north": {"uv": [108, 72], "uv_size": [4, 4]},
								"east": {"uv": [108, 76], "uv_size": [4, 4]},
								"south": {"uv": [108, 80], "uv_size": [4, 4]},
								"west": {"uv": [108, 84], "uv_size": [4, 4]},
								"up": {"uv": [108, 88], "uv_size": [4, 4]},
								"down": {"uv": [108, 96], "uv_size": [4, -4]}
							}
						},
						{
							"origin": [-2.36, -45.47444, 1.58806],
							"size": [0.72, 1.05, 1.05],
							"pivot": [-2, -44.0625, 3],
							"rotation": [45, 0, 0],
							"uv": {
								"north": {"uv": [112, 108], "uv_size": [3, 4]},
								"east": {"uv": [108, 96], "uv_size": [4, 4]},
								"south": {"uv": [112, 112], "uv_size": [3, 4]},
								"west": {"uv": [108, 100], "uv_size": [4, 4]},
								"up": {"uv": [0, 116], "uv_size": [3, 4]},
								"down": {"uv": [116, 4], "uv_size": [3, -4]}
							}
						},
						{
							"origin": [-2.3285, -44.50149, 2.561],
							"size": [0.657, 0.476, 0.476],
							"pivot": [-2, -44.0625, 3],
							"rotation": [45, 0, 0],
							"uv": {
								"north": {"uv": [80, 120], "uv_size": [2.5, 2]},
								"east": {"uv": [108, 120], "uv_size": [2, 2]},
								"south": {"uv": [120, 80], "uv_size": [2.5, 2]},
								"west": {"uv": [112, 120], "uv_size": [2, 2]},
								"up": {"uv": [84, 120], "uv_size": [2.5, 2]},
								"down": {"uv": [120, 86], "uv_size": [2.5, -2]}
							}
						},
						{
							"origin": [-2.325, -45.50547, 2.79406],
							"size": [0.65, 1.05, 0.455],
							"pivot": [-2, -44.0625, 3],
							"rotation": [-22.5, 0, 0],
							"uv": {
								"north": {"uv": [116, 28], "uv_size": [2.5, 4]},
								"east": {"uv": [48, 120], "uv_size": [2, 4]},
								"south": {"uv": [32, 116], "uv_size": [2.5, 4]},
								"west": {"uv": [120, 48], "uv_size": [2, 4]},
								"up": {"uv": [92, 120], "uv_size": [2.5, 2]},
								"down": {"uv": [96, 122], "uv_size": [2.5, -2]}
							}
						},
						{
							"origin": [-2.325, -45.50547, 2.75094],
							"size": [0.65, 1.05, 0.455],
							"pivot": [-2, -44.0625, 3],
							"rotation": [22.5, 0, 0],
							"uv": {
								"north": {"uv": [116, 32], "uv_size": [2.5, 4]},
								"east": {"uv": [52, 120], "uv_size": [2, 4]},
								"south": {"uv": [116, 36], "uv_size": [2.5, 4]},
								"west": {"uv": [120, 52], "uv_size": [2, 4]},
								"up": {"uv": [100, 120], "uv_size": [2.5, 2]},
								"down": {"uv": [104, 122], "uv_size": [2.5, -2]}
							}
						},
						{
							"origin": [-2.3425, -45.79, 2.525],
							"size": [0.685, 0.95, 0.95],
							"uv": {
								"north": {"uv": [116, 40], "uv_size": [2.5, 4]},
								"east": {"uv": [108, 104], "uv_size": [4, 4]},
								"south": {"uv": [116, 44], "uv_size": [2.5, 4]},
								"west": {"uv": [108, 108], "uv_size": [4, 4]},
								"up": {"uv": [116, 48], "uv_size": [2.5, 4]},
								"down": {"uv": [116, 56], "uv_size": [2.5, -4]}
							}
						},
						{
							"origin": [-2, -59.5, 0.62],
							"size": [0, 3.25, 4.76],
							"uv": {
								"east": {"uv": [72, 0], "uv_size": [19, 13]},
								"west": {"uv": [72, 0], "uv_size": [19, 13]}
							}
						},
						{
							"origin": [-2.405, -47.94275, 0.86534],
							"size": [0.81, 0.75, 0.8],
							"pivot": [-2, -44.0625, 3],
							"rotation": [45, 0, 0],
							"uv": {
								"north": {"uv": [120, 8], "uv_size": [3, 3]},
								"east": {"uv": [12, 120], "uv_size": [3, 3]},
								"south": {"uv": [120, 12], "uv_size": [3, 3]},
								"west": {"uv": [16, 120], "uv_size": [3, 3]},
								"up": {"uv": [120, 16], "uv_size": [3, 3]},
								"down": {"uv": [120, 23], "uv_size": [3, -3]}
							}
						},
						{
							"origin": [-2.4, -48.75, 4],
							"size": [0.8, 1, 0.8],
							"uv": {
								"north": {"uv": [4, 116], "uv_size": [3, 4]},
								"east": {"uv": [116, 4], "uv_size": [3, 4]},
								"south": {"uv": [8, 116], "uv_size": [3, 4]},
								"west": {"uv": [116, 8], "uv_size": [3, 4]},
								"up": {"uv": [120, 24], "uv_size": [3, 3]},
								"down": {"uv": [120, 31], "uv_size": [3, -3]}
							}
						},
						{
							"origin": [-2.5, -48.62666, 5.59054],
							"size": [1, 1, 1],
							"pivot": [-2, -44.0625, 3],
							"rotation": [-22.5, 0, 0],
							"uv": {
								"north": {"uv": [112, 8], "uv_size": [4, 4]},
								"east": {"uv": [112, 12], "uv_size": [4, 4]},
								"south": {"uv": [16, 112], "uv_size": [4, 4]},
								"west": {"uv": [112, 16], "uv_size": [4, 4]},
								"up": {"uv": [20, 112], "uv_size": [4, 4]},
								"down": {"uv": [112, 24], "uv_size": [4, -4]}
							}
						},
						{
							"origin": [-2.6, -48.02099, 6.87271],
							"size": [1.2, 1.5, 1.5],
							"pivot": [-2, -44.0625, 3],
							"rotation": [-45, 0, 0],
							"uv": {
								"north": {"uv": [104, 16], "uv_size": [5, 6]},
								"east": {"uv": [72, 96], "uv_size": [6, 6]},
								"south": {"uv": [104, 24], "uv_size": [5, 6]},
								"west": {"uv": [80, 96], "uv_size": [6, 6]},
								"up": {"uv": [104, 32], "uv_size": [5, 6]},
								"down": {"uv": [104, 46], "uv_size": [5, -6]}
							}
						},
						{
							"origin": [-2.5, -49.23203, 6.50138],
							"size": [1, 1, 1],
							"pivot": [-2, -44.0625, 3],
							"rotation": [-22.5, 0, 0],
							"uv": {
								"north": {"uv": [24, 112], "uv_size": [4, 4]},
								"east": {"uv": [112, 24], "uv_size": [4, 4]},
								"south": {"uv": [28, 112], "uv_size": [4, 4]},
								"west": {"uv": [112, 28], "uv_size": [4, 4]},
								"up": {"uv": [32, 112], "uv_size": [4, 4]},
								"down": {"uv": [112, 36], "uv_size": [4, -4]}
							}
						},
						{
							"origin": [-2.4, -50.40784, 5.15984],
							"size": [0.8, 0.8, 1],
							"uv": {
								"north": {"uv": [32, 120], "uv_size": [3, 3]},
								"east": {"uv": [12, 116], "uv_size": [4, 3]},
								"south": {"uv": [120, 32], "uv_size": [3, 3]},
								"west": {"uv": [116, 12], "uv_size": [4, 3]},
								"up": {"uv": [16, 116], "uv_size": [3, 4]},
								"down": {"uv": [116, 20], "uv_size": [3, -4]}
							}
						},
						{
							"origin": [-2.405, -46.315, 8.92118],
							"size": [0.81, 0.75, 0.8],
							"pivot": [-2, -44.0625, 3],
							"rotation": [-45, 0, 0],
							"uv": {
								"north": {"uv": [36, 120], "uv_size": [3, 3]},
								"east": {"uv": [120, 36], "uv_size": [3, 3]},
								"south": {"uv": [40, 120], "uv_size": [3, 3]},
								"west": {"uv": [120, 40], "uv_size": [3, 3]},
								"up": {"uv": [44, 120], "uv_size": [3, 3]},
								"down": {"uv": [120, 47], "uv_size": [3, -3]}
							}
						},
						{
							"origin": [-2.2, -51.505, -1.875],
							"size": [0.4, 4.76, 3.25],
							"uv": {
								"east": {"uv": [72, 16], "uv_size": [13, 19]},
								"west": {"uv": [72, 36], "uv_size": [13, 19]}
							}
						},
						{
							"origin": [-2.2, -51.505, 4.625],
							"size": [0.4, 4.76, 3.25],
							"uv": {
								"east": {"uv": [72, 56], "uv_size": [13, 19]},
								"west": {"uv": [72, 76], "uv_size": [13, 19]}
							}
						},
						{
							"origin": [-1.5, -49.875, -1],
							"size": [0, 7, 8],
							"uv": {
								"north": {"uv": [0, 0], "uv_size": [0, 52]},
								"east": {"uv": [183.5, 191.5], "uv_size": [45, 43]},
								"south": {"uv": [0, 0], "uv_size": [0, 52]},
								"west": {"uv": [129.5, 1], "uv_size": [40, 52]},
								"up": {"uv": [0, 40], "uv_size": [0, -40]},
								"down": {"uv": [0, 40], "uv_size": [0, -40]}
							}
						},
						{
							"origin": [-2.5, -49.875, -1],
							"size": [0, 7, 9],
							"uv": {
								"north": {"uv": [0, 0], "uv_size": [0, 52]},
								"east": {"uv": [183.5, 191.5], "uv_size": [45, 43]},
								"south": {"uv": [0, 0], "uv_size": [0, 52]},
								"west": {"uv": [132.5, 0.5], "uv_size": [40, 52]},
								"up": {"uv": [0, 40], "uv_size": [0, -40]},
								"down": {"uv": [0, 40], "uv_size": [0, -40]}
							}
						}
					]
				}
			]
		}
	]
}