{
	"format_version": "1.12.0",
	"minecraft:geometry": [
		{
			"description": {
				"identifier": "geometry.rowr",
				"texture_width": 58,
				"texture_height": 58,
				"visible_bounds_width": 3,
				"visible_bounds_height": 4,
				"visible_bounds_offset": [0, 1, 0]
			},
			"bones": [
				{
					"name": "rightitem",
					"pivot": [3.5, -0.875, 0],
					"cubes": [
						{
							"origin": [0, 0.25, -3.88],
							"size": [0, 26.25, 7.76],
							"uv": {
								"east": {"uv": [18, 0], "uv_size": [7.75, 26.25]},
								"west": {"uv": [26, 0], "uv_size": [7.75, 26.25]}
							}
						},
						{
							"origin": [-0.2, -3.75, -9],
							"size": [0.4, 18, 18],
							"uv": {
								"east": {"uv": [0, 0], "uv_size": [18, 18]},
								"west": {"uv": [0, 18], "uv_size": [18, 18]}
							}
						},
						{
							"origin": [-0.005, -1.455, -0.425],
							"size": [0.01, 7.01, 7.85],
							"pivot": [0, 2.05, 3.5],
							"rotation": [22.5, 0, 0],
							"uv": {
								"east": {"uv": [18, 27], "uv_size": [7.875, 7]},
								"west": {"uv": [26, 27], "uv_size": [7.875, 7]}
							}
						},
						{
							"origin": [-0.055, -4.455, 0.575],
							"size": [0.11, 7.01, 7.85],
							"pivot": [-0.05, -0.95, 4.5],
							"rotation": [-45, 0, 0],
							"uv": {
								"east": {"uv": [34, 0], "uv_size": [7.875, 7]},
								"west": {"uv": [34, 7], "uv_size": [7.875, 7]}
							}
						},
						{
							"origin": [-0.005, -1.455, -7.425],
							"size": [0.01, 7.01, 7.85],
							"pivot": [0, 2.05, -3.5],
							"rotation": [-22.5, 0, 0],
							"uv": {
								"east": {"uv": [34, 14], "uv_size": [7.875, 7]},
								"west": {"uv": [18, 34], "uv_size": [7.875, 7]}
							}
						},
						{
							"origin": [-0.055, -4.455, -8.425],
							"size": [0.11, 7.01, 7.85],
							"pivot": [-0.05, -0.95, -4.5],
							"rotation": [45, 0, 0],
							"uv": {
								"east": {"uv": [34, 21], "uv_size": [7.875, 7]},
								"west": {"uv": [26, 34], "uv_size": [7.875, 7]}
							}
						},
						{
							"origin": [-0.1, -0.955, 0.575],
							"size": [0.2, 7.01, 7.85],
							"uv": {
								"east": {"uv": [34, 28], "uv_size": [7.875, 7]},
								"west": {"uv": [34, 35], "uv_size": [7.875, 7]}
							}
						},
						{
							"origin": [-0.1, -0.955, -8.425],
							"size": [0.2, 7.01, 7.85],
							"uv": {
								"east": {"uv": [0, 36], "uv_size": [7.875, 7]},
								"west": {"uv": [8, 36], "uv_size": [7.875, 7]}
							}
						},
						{
							"origin": [-0.405, 1.05725, 1.33466],
							"size": [0.81, 0.75, 0.8],
							"pivot": [0, 4.9375, 0],
							"rotation": [-45, 0, 0],
							"uv": {
								"north": {"uv": [47, 22], "uv_size": [0.8125, 0.75]},
								"east": {"uv": [47, 23], "uv_size": [0.8125, 0.75]},
								"south": {"uv": [47, 24], "uv_size": [0.8125, 0.75]},
								"west": {"uv": [47, 25], "uv_size": [0.8125, 0.75]},
								"up": {"uv": [7, 47], "uv_size": [0.8125, 0.8125]},
								"down": {"uv": [47, 7.8125], "uv_size": [0.8125, -0.8125]}
							}
						},
						{
							"origin": [-0.4, 0.25, -1.8],
							"size": [0.8, 1, 0.8],
							"uv": {
								"north": {"uv": [39, 46], "uv_size": [0.8125, 1]},
								"east": {"uv": [40, 46], "uv_size": [0.8125, 1]},
								"south": {"uv": [46, 40], "uv_size": [0.8125, 1]},
								"west": {"uv": [41, 46], "uv_size": [0.8125, 1]},
								"up": {"uv": [8, 47], "uv_size": [0.8125, 0.8125]},
								"down": {"uv": [47, 8.8125], "uv_size": [0.8125, -0.8125]}
							}
						},
						{
							"origin": [-0.5, 0.37334, -3.59054],
							"size": [1, 1, 1],
							"pivot": [0, 4.9375, 0],
							"rotation": [22.5, 0, 0],
							"uv": {
								"north": {"uv": [29, 45], "uv_size": [1, 1]},
								"east": {"uv": [45, 35], "uv_size": [1, 1]},
								"south": {"uv": [45, 36], "uv_size": [1, 1]},
								"west": {"uv": [45, 37], "uv_size": [1, 1]},
								"up": {"uv": [45, 38], "uv_size": [1, 1]},
								"down": {"uv": [45, 40], "uv_size": [1, -1]}
							}
						},
						{
							"origin": [-0.6, 0.97901, -5.37271],
							"size": [1.2, 1.5, 1.5],
							"pivot": [0, 4.9375, 0],
							"rotation": [45, 0, 0],
							"uv": {
								"north": {"uv": [43, 43], "uv_size": [1.1875, 1.5]},
								"east": {"uv": [4, 43], "uv_size": [1.5, 1.5]},
								"south": {"uv": [38, 44], "uv_size": [1.1875, 1.5]},
								"west": {"uv": [6, 43], "uv_size": [1.5, 1.5]},
								"up": {"uv": [40, 44], "uv_size": [1.1875, 1.5]},
								"down": {"uv": [0, 46.5], "uv_size": [1.1875, -1.5]}
							}
						},
						{
							"origin": [-0.4, 1.20902, -3.72847],
							"size": [0.8, 1.5, 1.5],
							"pivot": [0.05, 4.9375, 0],
							"rotation": [45, 0, 0],
							"uv": {
								"north": {"uv": [20, 45], "uv_size": [0.8125, 1.5]},
								"east": {"uv": [8, 43], "uv_size": [1.5, 1.5]},
								"south": {"uv": [21, 45], "uv_size": [0.8125, 1.5]},
								"west": {"uv": [10, 43], "uv_size": [1.5, 1.5]},
								"up": {"uv": [45, 21], "uv_size": [0.8125, 1.5]},
								"down": {"uv": [22, 46.5], "uv_size": [0.8125, -1.5]}
							}
						},
						{
							"origin": [-0.325, -0.0247, -0.75],
							"size": [0.65, 1.5, 1.5],
							"uv": {
								"north": {"uv": [46, 10], "uv_size": [0.625, 1.5]},
								"east": {"uv": [12, 43], "uv_size": [1.5, 1.5]},
								"south": {"uv": [46, 12], "uv_size": [0.625, 1.5]},
								"west": {"uv": [14, 43], "uv_size": [1.5, 1.5]},
								"up": {"uv": [46, 21], "uv_size": [0.625, 1.5]},
								"down": {"uv": [23, 47.5], "uv_size": [0.625, -1.5]}
							}
						},
						{
							"origin": [-0.675, -7.36, -0.75],
							"size": [1.35, 1.5, 1.5],
							"uv": {
								"north": {"uv": [43, 27], "uv_size": [1.375, 1.5]},
								"east": {"uv": [43, 15], "uv_size": [1.5, 1.5]},
								"south": {"uv": [43, 29], "uv_size": [1.375, 1.5]},
								"west": {"uv": [43, 17], "uv_size": [1.5, 1.5]},
								"up": {"uv": [43, 31], "uv_size": [1.375, 1.5]},
								"down": {"uv": [43, 34.5], "uv_size": [1.375, -1.5]}
							}
						},
						{
							"origin": [-0.3, 0.64004, 0.63201],
							"size": [0.6, 1.5, 0.65],
							"pivot": [0, 4.9375, 0],
							"rotation": [-22.5, 0, 0],
							"uv": {
								"north": {"uv": [24, 46], "uv_size": [0.625, 1.5]},
								"east": {"uv": [25, 46], "uv_size": [0.625, 1.5]},
								"south": {"uv": [26, 46], "uv_size": [0.625, 1.5]},
								"west": {"uv": [29, 46], "uv_size": [0.625, 1.5]},
								"up": {"uv": [1, 48], "uv_size": [0.625, 0.625]},
								"down": {"uv": [48, 1.625], "uv_size": [0.625, -0.625]}
							}
						},
						{
							"origin": [-0.3, 0.64004, -1.28201],
							"size": [0.6, 1.5, 0.65],
							"pivot": [0, 4.9375, 0],
							"rotation": [22.5, 0, 0],
							"uv": {
								"north": {"uv": [30, 46], "uv_size": [0.625, 1.5]},
								"east": {"uv": [31, 46], "uv_size": [0.625, 1.5]},
								"south": {"uv": [32, 46], "uv_size": [0.625, 1.5]},
								"west": {"uv": [33, 46], "uv_size": [0.625, 1.5]},
								"up": {"uv": [48, 2], "uv_size": [0.625, 0.625]},
								"down": {"uv": [48, 3.625], "uv_size": [0.625, -0.625]}
							}
						},
						{
							"origin": [-0.305, 2.59895, -2.33855],
							"size": [0.61, 0.68, 0.68],
							"pivot": [0, 4.9375, 0],
							"rotation": [45, 0, 0],
							"uv": {
								"north": {"uv": [46, 47], "uv_size": [0.625, 0.6875]},
								"east": {"uv": [41, 47], "uv_size": [0.6875, 0.6875]},
								"south": {"uv": [47, 47], "uv_size": [0.625, 0.6875]},
								"west": {"uv": [43, 47], "uv_size": [0.6875, 0.6875]},
								"up": {"uv": [0, 48], "uv_size": [0.625, 0.6875]},
								"down": {"uv": [48, 0.6875], "uv_size": [0.625, -0.6875]}
							}
						},
						{
							"origin": [-0.4, -6.5, -0.4],
							"size": [0.8, 5.25, 0.8],
							"uv": {
								"north": {"uv": [34, 42], "uv_size": [0.8125, 5.25]},
								"east": {"uv": [35, 42], "uv_size": [0.8125, 5.25]},
								"south": {"uv": [36, 42], "uv_size": [0.8125, 5.25]},
								"west": {"uv": [37, 42], "uv_size": [0.8125, 5.25]},
								"up": {"uv": [9, 47], "uv_size": [0.8125, 0.8125]},
								"down": {"uv": [47, 9.8125], "uv_size": [0.8125, -0.8125]}
							}
						},
						{
							"origin": [-0.65, -1.4, -0.75],
							"size": [1.3, 0.8, 1.5],
							"uv": {
								"north": {"uv": [45, 31], "uv_size": [1.3125, 0.8125]},
								"east": {"uv": [23, 45], "uv_size": [1.5, 0.8125]},
								"south": {"uv": [45, 32], "uv_size": [1.3125, 0.8125]},
								"west": {"uv": [45, 23], "uv_size": [1.5, 0.8125]},
								"up": {"uv": [43, 35], "uv_size": [1.3125, 1.5]},
								"down": {"uv": [43, 38.5], "uv_size": [1.3125, -1.5]}
							}
						},
						{
							"origin": [-0.55, -2.1, -0.55],
							"size": [1.1, 0.5, 1.1],
							"uv": {
								"north": {"uv": [47, 36], "uv_size": [1.125, 0.5]},
								"east": {"uv": [47, 37], "uv_size": [1.125, 0.5]},
								"south": {"uv": [47, 38], "uv_size": [1.125, 0.5]},
								"west": {"uv": [39, 47], "uv_size": [1.125, 0.5]},
								"up": {"uv": [14, 45], "uv_size": [1.125, 1.125]},
								"down": {"uv": [45, 16.125], "uv_size": [1.125, -1.125]}
							}
						},
						{
							"origin": [-0.65, -6.3, -0.75],
							"size": [1.3, 0.8, 1.5],
							"uv": {
								"north": {"uv": [45, 33], "uv_size": [1.3125, 0.8125]},
								"east": {"uv": [45, 24], "uv_size": [1.5, 0.8125]},
								"south": {"uv": [45, 34], "uv_size": [1.3125, 0.8125]},
								"west": {"uv": [25, 45], "uv_size": [1.5, 0.8125]},
								"up": {"uv": [43, 39], "uv_size": [1.3125, 1.5]},
								"down": {"uv": [43, 42.5], "uv_size": [1.3125, -1.5]}
							}
						},
						{
							"origin": [-0.55, -5.3, -0.55],
							"size": [1.1, 0.5, 1.1],
							"uv": {
								"north": {"uv": [47, 39], "uv_size": [1.125, 0.5]},
								"east": {"uv": [47, 40], "uv_size": [1.125, 0.5]},
								"south": {"uv": [47, 41], "uv_size": [1.125, 0.5]},
								"west": {"uv": [47, 42], "uv_size": [1.125, 0.5]},
								"up": {"uv": [45, 17], "uv_size": [1.125, 1.125]},
								"down": {"uv": [45, 20.125], "uv_size": [1.125, -1.125]}
							}
						},
						{
							"origin": [-0.8, -4.26364, -8.20114],
							"size": [1.6, 1.5, 1.5],
							"pivot": [0, 3.9375, 0],
							"rotation": [45, 0, 0],
							"uv": {
								"north": {"uv": [38, 42], "uv_size": [1.625, 1.5]},
								"east": {"uv": [43, 19], "uv_size": [1.5, 1.5]},
								"south": {"uv": [40, 42], "uv_size": [1.625, 1.5]},
								"west": {"uv": [43, 21], "uv_size": [1.5, 1.5]},
								"up": {"uv": [0, 43], "uv_size": [1.625, 1.5]},
								"down": {"uv": [2, 44.5], "uv_size": [1.625, -1.5]}
							}
						},
						{
							"origin": [-0.405, 2.685, -6.72118],
							"size": [0.81, 0.75, 0.8],
							"pivot": [0, 4.9375, 0],
							"rotation": [45, 0, 0],
							"uv": {
								"north": {"uv": [47, 26], "uv_size": [0.8125, 0.75]},
								"east": {"uv": [27, 47], "uv_size": [0.8125, 0.75]},
								"south": {"uv": [47, 27], "uv_size": [0.8125, 0.75]},
								"west": {"uv": [28, 47], "uv_size": [0.8125, 0.75]},
								"up": {"uv": [10, 47], "uv_size": [0.8125, 0.8125]},
								"down": {"uv": [47, 10.8125], "uv_size": [0.8125, -0.8125]}
							}
						},
						{
							"origin": [-0.4, -1.40784, -3.15984],
							"size": [0.8, 0.8, 1],
							"uv": {
								"north": {"uv": [11, 47], "uv_size": [0.8125, 0.8125]},
								"east": {"uv": [46, 41], "uv_size": [1, 0.8125]},
								"south": {"uv": [47, 11], "uv_size": [0.8125, 0.8125]},
								"west": {"uv": [46, 42], "uv_size": [1, 0.8125]},
								"up": {"uv": [43, 46], "uv_size": [0.8125, 1]},
								"down": {"uv": [46, 44], "uv_size": [0.8125, -1]}
							}
						},
						{
							"origin": [-0.5, -0.23203, -4.50138],
							"size": [1, 1, 1],
							"pivot": [0, 4.9375, 0],
							"rotation": [22.5, 0, 0],
							"uv": {
								"north": {"uv": [45, 40], "uv_size": [1, 1]},
								"east": {"uv": [45, 41], "uv_size": [1, 1]},
								"south": {"uv": [45, 42], "uv_size": [1, 1]},
								"west": {"uv": [43, 45], "uv_size": [1, 1]},
								"up": {"uv": [45, 43], "uv_size": [1, 1]},
								"down": {"uv": [44, 46], "uv_size": [1, -1]}
							}
						},
						{
							"origin": [-0.25, 0.5, -0.88],
							"size": [0.5, 16.25, 1.76],
							"uv": {
								"north": {"uv": [42, 15], "uv_size": [0.5, 16.25]},
								"east": {"uv": [16, 36], "uv_size": [1.75, 16.25]},
								"south": {"uv": [42, 32], "uv_size": [0.5, 16.25]},
								"west": {"uv": [18, 41], "uv_size": [1.75, 16.25]},
								"up": {"uv": [38, 46], "uv_size": [0.5, 1.75]},
								"down": {"uv": [46, 39.75], "uv_size": [0.5, -1.75]}
							}
						},
						{
							"origin": [-0.255, 12.6652, 7.7277],
							"size": [0.51, 1.25, 1.25],
							"pivot": [0, 4.9375, 0],
							"rotation": [45, 0, 0],
							"uv": {
								"north": {"uv": [20, 47], "uv_size": [0.5, 1.25]},
								"east": {"uv": [10, 45], "uv_size": [1.25, 1.25]},
								"south": {"uv": [47, 20], "uv_size": [0.5, 1.25]},
								"west": {"uv": [12, 45], "uv_size": [1.25, 1.25]},
								"up": {"uv": [21, 47], "uv_size": [0.5, 1.25]},
								"down": {"uv": [22, 48.25], "uv_size": [0.5, -1.25]}
							}
						},
						{
							"origin": [-0.36, 3.52556, -1.41194],
							"size": [0.72, 1.05, 1.05],
							"pivot": [0, 4.9375, 0],
							"rotation": [45, 0, 0],
							"uv": {
								"north": {"uv": [47, 1], "uv_size": [0.75, 1.0625]},
								"east": {"uv": [45, 25], "uv_size": [1.0625, 1.0625]},
								"south": {"uv": [2, 47], "uv_size": [0.75, 1.0625]},
								"west": {"uv": [27, 45], "uv_size": [1.0625, 1.0625]},
								"up": {"uv": [3, 47], "uv_size": [0.75, 1.0625]},
								"down": {"uv": [47, 4.0625], "uv_size": [0.75, -1.0625]}
							}
						},
						{
							"origin": [-0.3285, 4.49851, -0.439],
							"size": [0.657, 0.476, 0.476],
							"pivot": [0, 4.9375, 0],
							"rotation": [45, 0, 0],
							"uv": {
								"north": {"uv": [48, 4], "uv_size": [0.6875, 0.5]},
								"east": {"uv": [48, 9], "uv_size": [0.5, 0.5]},
								"south": {"uv": [48, 5], "uv_size": [0.6875, 0.5]},
								"west": {"uv": [10, 48], "uv_size": [0.5, 0.5]},
								"up": {"uv": [48, 6], "uv_size": [0.6875, 0.5]},
								"down": {"uv": [7, 48.5], "uv_size": [0.6875, -0.5]}
							}
						},
						{
							"origin": [-0.325, 3.49453, -0.20594],
							"size": [0.65, 1.05, 0.455],
							"pivot": [0, 4.9375, 0],
							"rotation": [-22.5, 0, 0],
							"uv": {
								"north": {"uv": [4, 47], "uv_size": [0.625, 1.0625]},
								"east": {"uv": [47, 43], "uv_size": [0.4375, 1.0625]},
								"south": {"uv": [5, 47], "uv_size": [0.625, 1.0625]},
								"west": {"uv": [44, 47], "uv_size": [0.4375, 1.0625]},
								"up": {"uv": [48, 7], "uv_size": [0.625, 0.4375]},
								"down": {"uv": [8, 48.4375], "uv_size": [0.625, -0.4375]}
							}
						},
						{
							"origin": [-0.325, 3.49453, -0.24906],
							"size": [0.65, 1.05, 0.455],
							"pivot": [0, 4.9375, 0],
							"rotation": [22.5, 0, 0],
							"uv": {
								"north": {"uv": [47, 5], "uv_size": [0.625, 1.0625]},
								"east": {"uv": [45, 47], "uv_size": [0.4375, 1.0625]},
								"south": {"uv": [6, 47], "uv_size": [0.625, 1.0625]},
								"west": {"uv": [47, 45], "uv_size": [0.4375, 1.0625]},
								"up": {"uv": [48, 8], "uv_size": [0.625, 0.4375]},
								"down": {"uv": [9, 48.4375], "uv_size": [0.625, -0.4375]}
							}
						},
						{
							"origin": [-0.3425, 3.21, -0.475],
							"size": [0.685, 0.95, 0.95],
							"uv": {
								"north": {"uv": [47, 16], "uv_size": [0.6875, 0.9375]},
								"east": {"uv": [46, 14], "uv_size": [0.9375, 0.9375]},
								"south": {"uv": [47, 17], "uv_size": [0.6875, 0.9375]},
								"west": {"uv": [46, 35], "uv_size": [0.9375, 0.9375]},
								"up": {"uv": [47, 18], "uv_size": [0.6875, 0.9375]},
								"down": {"uv": [47, 19.9375], "uv_size": [0.6875, -0.9375]}
							}
						},
						{
							"origin": [-0.06, 22.62556, -1.41194],
							"size": [0.12, 1.05, 1.05],
							"pivot": [0, 24.0375, 0],
							"rotation": [45, 0, 0],
							"uv": {
								"north": {"uv": [48, 10], "uv_size": [0.125, 1.0625]},
								"east": {"uv": [45, 27], "uv_size": [1.0625, 1.0625]},
								"south": {"uv": [11, 48], "uv_size": [0.125, 1.0625]},
								"west": {"uv": [45, 29], "uv_size": [1.0625, 1.0625]},
								"up": {"uv": [12, 48], "uv_size": [0.125, 1.0625]},
								"down": {"uv": [48, 13.0625], "uv_size": [0.125, -1.0625]}
							}
						},
						{
							"origin": [-0.0425, 22.31, -0.475],
							"size": [0.085, 0.95, 0.95],
							"uv": {
								"north": {"uv": [13, 48], "uv_size": [0.0625, 0.9375]},
								"east": {"uv": [46, 36], "uv_size": [0.9375, 0.9375]},
								"south": {"uv": [14, 48], "uv_size": [0.0625, 0.9375]},
								"west": {"uv": [46, 37], "uv_size": [0.9375, 0.9375]},
								"up": {"uv": [48, 14], "uv_size": [0.0625, 0.9375]},
								"down": {"uv": [15, 48.9375], "uv_size": [0.0625, -0.9375]}
							}
						},
						{
							"origin": [0, -9.5, -2.38],
							"size": [0, 3.25, 4.76],
							"uv": {
								"east": {"uv": [20, 41], "uv_size": [4.75, 3.25]},
								"west": {"uv": [25, 41], "uv_size": [4.75, 3.25]}
							}
						},
						{
							"origin": [-0.405, 1.05725, -2.13466],
							"size": [0.81, 0.75, 0.8],
							"pivot": [0, 4.9375, 0],
							"rotation": [45, 0, 0],
							"uv": {
								"north": {"uv": [47, 28], "uv_size": [0.8125, 0.75]},
								"east": {"uv": [47, 29], "uv_size": [0.8125, 0.75]},
								"south": {"uv": [47, 30], "uv_size": [0.8125, 0.75]},
								"west": {"uv": [47, 31], "uv_size": [0.8125, 0.75]},
								"up": {"uv": [12, 47], "uv_size": [0.8125, 0.8125]},
								"down": {"uv": [47, 12.8125], "uv_size": [0.8125, -0.8125]}
							}
						},
						{
							"origin": [-0.4, 0.25, 1],
							"size": [0.8, 1, 0.8],
							"uv": {
								"north": {"uv": [44, 46], "uv_size": [0.8125, 1]},
								"east": {"uv": [46, 44], "uv_size": [0.8125, 1]},
								"south": {"uv": [45, 46], "uv_size": [0.8125, 1]},
								"west": {"uv": [46, 45], "uv_size": [0.8125, 1]},
								"up": {"uv": [13, 47], "uv_size": [0.8125, 0.8125]},
								"down": {"uv": [47, 13.8125], "uv_size": [0.8125, -0.8125]}
							}
						},
						{
							"origin": [-0.5, 0.37334, 2.59054],
							"size": [1, 1, 1],
							"pivot": [0, 4.9375, 0],
							"rotation": [-22.5, 0, 0],
							"uv": {
								"north": {"uv": [45, 44], "uv_size": [1, 1]},
								"east": {"uv": [45, 45], "uv_size": [1, 1]},
								"south": {"uv": [46, 0], "uv_size": [1, 1]},
								"west": {"uv": [46, 1], "uv_size": [1, 1]},
								"up": {"uv": [46, 2], "uv_size": [1, 1]},
								"down": {"uv": [46, 4], "uv_size": [1, -1]}
							}
						},
						{
							"origin": [-0.6, 0.97901, 3.87271],
							"size": [1.2, 1.5, 1.5],
							"pivot": [0, 4.9375, 0],
							"rotation": [-45, 0, 0],
							"uv": {
								"north": {"uv": [2, 45], "uv_size": [1.1875, 1.5]},
								"east": {"uv": [43, 23], "uv_size": [1.5, 1.5]},
								"south": {"uv": [4, 45], "uv_size": [1.1875, 1.5]},
								"west": {"uv": [43, 25], "uv_size": [1.5, 1.5]},
								"up": {"uv": [6, 45], "uv_size": [1.1875, 1.5]},
								"down": {"uv": [8, 46.5], "uv_size": [1.1875, -1.5]}
							}
						},
						{
							"origin": [-0.5, -0.23203, 3.50138],
							"size": [1, 1, 1],
							"pivot": [0, 4.9375, 0],
							"rotation": [-22.5, 0, 0],
							"uv": {
								"north": {"uv": [46, 4], "uv_size": [1, 1]},
								"east": {"uv": [46, 5], "uv_size": [1, 1]},
								"south": {"uv": [46, 6], "uv_size": [1, 1]},
								"west": {"uv": [46, 7], "uv_size": [1, 1]},
								"up": {"uv": [46, 8], "uv_size": [1, 1]},
								"down": {"uv": [46, 10], "uv_size": [1, -1]}
							}
						},
						{
							"origin": [-0.4, -1.40784, 2.15984],
							"size": [0.8, 0.8, 1],
							"uv": {
								"north": {"uv": [14, 47], "uv_size": [0.8125, 0.8125]},
								"east": {"uv": [46, 46], "uv_size": [1, 0.8125]},
								"south": {"uv": [47, 14], "uv_size": [0.8125, 0.8125]},
								"west": {"uv": [0, 47], "uv_size": [1, 0.8125]},
								"up": {"uv": [47, 0], "uv_size": [0.8125, 1]},
								"down": {"uv": [1, 48], "uv_size": [0.8125, -1]}
							}
						},
						{
							"origin": [-0.405, 2.685, 5.92118],
							"size": [0.81, 0.75, 0.8],
							"pivot": [0, 4.9375, 0],
							"rotation": [-45, 0, 0],
							"uv": {
								"north": {"uv": [47, 32], "uv_size": [0.8125, 0.75]},
								"east": {"uv": [47, 33], "uv_size": [0.8125, 0.75]},
								"south": {"uv": [47, 34], "uv_size": [0.8125, 0.75]},
								"west": {"uv": [47, 35], "uv_size": [0.8125, 0.75]},
								"up": {"uv": [15, 47], "uv_size": [0.8125, 0.8125]},
								"down": {"uv": [47, 15.8125], "uv_size": [0.8125, -0.8125]}
							}
						},
						{
							"origin": [-0.2, -3.505, -4.875],
							"size": [0.4, 4.76, 3.25],
							"uv": {
								"east": {"uv": [30, 41], "uv_size": [3.25, 4.75]},
								"west": {"uv": [42, 0], "uv_size": [3.25, 4.75]}
							}
						},
						{
							"origin": [-0.2, -3.505, 1.625],
							"size": [0.4, 4.76, 3.25],
							"uv": {
								"east": {"uv": [42, 5], "uv_size": [3.25, 4.75]},
								"west": {"uv": [42, 10], "uv_size": [3.25, 4.75]}
							}
						}
					]
				}
			],
			"item_display_transforms": {
				"thirdperson_righthand": {
					"translation": [0, 11.25, 1.25],
					"scale": [1.2, 1.2, 1.2]
				},
				"thirdperson_lefthand": {
					"translation": [0, 11.25, 1.25],
					"scale": [1.2, 1.2, 1.2]
				},
				"firstperson_righthand": {
					"rotation": [2.28, -9.11, 4.91],
					"translation": [2.25, 10, 0.25]
				},
				"firstperson_lefthand": {
					"rotation": [2.28, -9.11, 4.91],
					"translation": [2.25, 10, 0.25]
				},
				"ground": {
					"rotation": [0, 0, 149],
					"translation": [0, 6.25, 0],
					"scale": [0.7, 0.7, 0.7]
				},
				"gui": {
					"rotation": [-90, 45, 90],
					"translation": [0.5, -0.5, 0],
					"scale": [0.64, 0.64, 0.64]
				},
				"head": {
					"scale": [0.01, 0.01, 0.01]
				},
				"fixed": {
					"rotation": [0, 90, 0],
					"translation": [0, 14, -1.75],
					"scale": [3, 3, 3]
				}
			}
		}
	]
}