{
	"format_version": "1.12.0",
	"minecraft:geometry": [
		{
			"description": {
				"identifier": "geometry.cahaya_sayap",
				"texture_width": 512,
				"texture_height": 512,
				"visible_bounds_width": 34,
				"visible_bounds_height": 16,
				"visible_bounds_offset": [0, 0, 0]
			},
			"bones": [
				{
					"name": "rightitem",
					"pivot": [-0.78313, 3.49109, 0.19232]
				},
				{
					"name": "addsword",
					"parent": "rightitem",
					"pivot": [1, 11, 1],
					"cubes": [
						{
							"origin": [0, 11, 0],
							"size": [2, 2, 2],
							"uv": {
								"north": {"uv": [0, 0], "uv_size": [2, 2]},
								"east": {"uv": [0, 0], "uv_size": [2, 2]},
								"south": {"uv": [0, 0], "uv_size": [2, 2]},
								"west": {"uv": [0, 0], "uv_size": [2, 2]},
								"up": {"uv": [2, 2], "uv_size": [-2, -2]},
								"down": {"uv": [2, 2], "uv_size": [-2, -2]}
							}
						}
					]
				},
				{
					"name": "WINGS",
					"pivot": [0, 0, 15],
					"rotation": [0, 180, 0]
				},
				{
					"name": "Sayap",
					"parent": "WINGS",
					"pivot": [-12, 15, 15],
					"cubes": [
						{
							"origin": [-70, 6, 20],
							"size": [68, 68, 0],
							"pivot": [0, 0, 15],
							"rotation": [0, -20, 0],
							"uv": {
								"north": {"uv": [348, 0], "uv_size": [102, 88]},
								"east": {"uv": [346, 3], "uv_size": [0, 32]},
								"south": {"uv": [480, 0], "uv_size": [32, 32]},
								"west": {"uv": [508, 0], "uv_size": [-50, 32]},
								"up": {"uv": [340, 8], "uv_size": [32, 0]},
								"down": {"uv": [378, 3], "uv_size": [32, 0]}
							}
						}
					]
				},
				{
					"name": "Sayap2",
					"parent": "WINGS",
					"pivot": [0, 0, 15],
					"cubes": [
						{
							"origin": [2.72369, 6, 15.89576],
							"size": [67, 65, 0],
							"pivot": [12, 15, 15],
							"rotation": [0, 20, 0],
							"uv": {
								"north": {"uv": [410, 118], "uv_size": [102, 88]},
								"east": {"uv": [346, 3], "uv_size": [0, 32]},
								"south": {"uv": [354, 9], "uv_size": [95, 78]},
								"west": {"uv": [508, 0], "uv_size": [-50, 32]},
								"up": {"uv": [340, 8], "uv_size": [32, 0]},
								"down": {"uv": [378, 3], "uv_size": [32, 0]}
							}
						}
					]
				},
				{
					"name": "Hiasan",
					"parent": "WINGS",
					"pivot": [0, 0, 25],
					"cubes": [
						{
							"origin": [-16, 8, 22],
							"size": [32, 32, 0],
							"uv": {
								"north": {"uv": [366, 382], "uv_size": [93, 91]},
								"east": {"uv": [0, 0], "uv_size": [2, 2]},
								"south": {"uv": [0, 0], "uv_size": [2, 2]},
								"west": {"uv": [0, 0], "uv_size": [2, 2]},
								"up": {"uv": [2, 2], "uv_size": [-2, -2]},
								"down": {"uv": [2, 2], "uv_size": [-2, -2]}
							}
						},
						{
							"origin": [-2, -27, 22],
							"size": [5, 6, 0],
							"pivot": [0, 0, 25],
							"rotation": [0, 0, -180],
							"uv": {
								"north": {"uv": [145, 0], "uv_size": [35, 32]},
								"east": {"uv": [0, 0], "uv_size": [2, 2]},
								"south": {"uv": [0, 0], "uv_size": [2, 2]},
								"west": {"uv": [0, 0], "uv_size": [2, 2]},
								"up": {"uv": [2, 2], "uv_size": [-2, -2]},
								"down": {"uv": [2, 2], "uv_size": [-2, -2]}
							}
						},
						{
							"origin": [-3, 18, 22],
							"size": [5, 3, 0],
							"uv": {
								"north": {"uv": [145, 0], "uv_size": [35, 32]},
								"east": {"uv": [0, 0], "uv_size": [2, 2]},
								"south": {"uv": [0, 0], "uv_size": [2, 2]},
								"west": {"uv": [0, 0], "uv_size": [2, 2]},
								"up": {"uv": [2, 2], "uv_size": [-2, -2]},
								"down": {"uv": [2, 2], "uv_size": [-2, -2]}
							}
						},
						{
							"origin": [-12, 19, 24],
							"size": [11, 16, 0],
							"uv": {
								"north": {"uv": [164, 375], "uv_size": [60, 90]},
								"east": {"uv": [0, 0], "uv_size": [2, 2]},
								"south": {"uv": [0, 0], "uv_size": [2, 2]},
								"west": {"uv": [0, 0], "uv_size": [2, 2]},
								"up": {"uv": [2, 2], "uv_size": [-2, -2]},
								"down": {"uv": [2, 2], "uv_size": [-2, -2]}
							}
						},
						{
							"origin": [-25, 22, 20],
							"size": [17, 22, 0],
							"uv": {
								"north": {"uv": [164, 375], "uv_size": [60, 90]},
								"east": {"uv": [0, 0], "uv_size": [2, 2]},
								"south": {"uv": [0, 0], "uv_size": [2, 2]},
								"west": {"uv": [0, 0], "uv_size": [2, 2]},
								"up": {"uv": [2, 2], "uv_size": [-2, -2]},
								"down": {"uv": [2, 2], "uv_size": [-2, -2]}
							}
						},
						{
							"origin": [-11, -20, 24],
							"size": [11, 16, 0],
							"pivot": [0, 0, 25],
							"rotation": [0, 0, -180],
							"uv": {
								"north": {"uv": [164, 375], "uv_size": [60, 90]},
								"east": {"uv": [0, 0], "uv_size": [2, 2]},
								"south": {"uv": [0, 0], "uv_size": [2, 2]},
								"west": {"uv": [0, 0], "uv_size": [2, 2]},
								"up": {"uv": [2, 2], "uv_size": [-2, -2]},
								"down": {"uv": [2, 2], "uv_size": [-2, -2]}
							}
						},
						{
							"origin": [4, 2, 23],
							"size": [11, 16, 0],
							"pivot": [0, 0, 25],
							"rotation": [0, 0, -90],
							"uv": {
								"north": {"uv": [164, 375], "uv_size": [60, 90]},
								"east": {"uv": [0, 0], "uv_size": [2, 2]},
								"south": {"uv": [0, 0], "uv_size": [2, 2]},
								"west": {"uv": [0, 0], "uv_size": [2, 2]},
								"up": {"uv": [2, 2], "uv_size": [-2, -2]},
								"down": {"uv": [2, 2], "uv_size": [-2, -2]}
							}
						},
						{
							"origin": [0, 19, 24],
							"size": [11, 16, 0],
							"uv": {
								"north": {"uv": [123, 482], "uv_size": [60, 30]},
								"east": {"uv": [0, 0], "uv_size": [2, 2]},
								"south": {"uv": [164, 375], "uv_size": [60, 90]},
								"west": {"uv": [0, 0], "uv_size": [2, 2]},
								"up": {"uv": [2, 2], "uv_size": [-2, -2]},
								"down": {"uv": [2, 2], "uv_size": [-2, -2]}
							}
						},
						{
							"origin": [7, 22, 20],
							"size": [17, 22, 0],
							"uv": {
								"north": {"uv": [123, 482], "uv_size": [60, 30]},
								"east": {"uv": [0, 0], "uv_size": [2, 2]},
								"south": {"uv": [164, 375], "uv_size": [60, 90]},
								"west": {"uv": [0, 0], "uv_size": [2, 2]},
								"up": {"uv": [2, 2], "uv_size": [-2, -2]},
								"down": {"uv": [2, 2], "uv_size": [-2, -2]}
							}
						},
						{
							"origin": [1, -20, 24],
							"size": [11, 16, 0],
							"pivot": [0, 0, 25],
							"rotation": [0, 0, -180],
							"uv": {
								"north": {"uv": [123, 482], "uv_size": [60, 30]},
								"east": {"uv": [0, 0], "uv_size": [2, 2]},
								"south": {"uv": [164, 375], "uv_size": [60, 90]},
								"west": {"uv": [0, 0], "uv_size": [2, 2]},
								"up": {"uv": [2, 2], "uv_size": [-2, -2]},
								"down": {"uv": [2, 2], "uv_size": [-2, -2]}
							}
						},
						{
							"origin": [-15, 1, 23],
							"size": [11, 16, 0],
							"pivot": [0, 0, 25],
							"rotation": [0, 0, 90],
							"uv": {
								"north": {"uv": [123, 482], "uv_size": [60, 30]},
								"east": {"uv": [0, 0], "uv_size": [2, 2]},
								"south": {"uv": [164, 375], "uv_size": [60, 90]},
								"west": {"uv": [0, 0], "uv_size": [2, 2]},
								"up": {"uv": [2, 2], "uv_size": [-2, -2]},
								"down": {"uv": [2, 2], "uv_size": [-2, -2]}
							}
						},
						{
							"origin": [-16, 13.5, 21.5],
							"size": [2, 2, 2],
							"inflate": 0.2,
							"pivot": [0, 0, 25],
							"rotation": [0, 0, 45],
							"uv": {
								"north": {"uv": [208, 96], "uv_size": [10, 10]},
								"east": {"uv": [208, 48], "uv_size": [10, 12]},
								"south": {"uv": [208, 112], "uv_size": [10, 10]},
								"west": {"uv": [208, 48], "uv_size": [10, 12]},
								"up": {"uv": [224, 51], "uv_size": [4, 4]},
								"down": {"uv": [224, 55], "uv_size": [4, -4]}
							}
						},
						{
							"origin": [-7, 0.5, 22.5],
							"size": [2, 2, 2],
							"inflate": 0.2,
							"pivot": [0, 0, 25],
							"rotation": [0, 0, 45],
							"uv": {
								"north": {"uv": [192, 96], "uv_size": [12, 12]},
								"east": {"uv": [208, 48], "uv_size": [10, 12]},
								"south": {"uv": [192, 112], "uv_size": [12, 12]},
								"west": {"uv": [208, 48], "uv_size": [10, 12]},
								"up": {"uv": [224, 51], "uv_size": [4, 4]},
								"down": {"uv": [224, 55], "uv_size": [4, -4]}
							}
						},
						{
							"origin": [-3, 4.5, 22.5],
							"size": [2, 2, 2],
							"inflate": 0.2,
							"pivot": [0, 0, 25],
							"rotation": [0, 0, 45],
							"uv": {
								"north": {"uv": [192, 96], "uv_size": [12, 12]},
								"east": {"uv": [208, 48], "uv_size": [10, 12]},
								"south": {"uv": [192, 112], "uv_size": [12, 12]},
								"west": {"uv": [208, 48], "uv_size": [10, 12]},
								"up": {"uv": [224, 51], "uv_size": [4, 4]},
								"down": {"uv": [224, 55], "uv_size": [4, -4]}
							}
						}
					]
				}
			]
		}
	]
}