{
	"format_version": "1.10.0",
	"particle_effect": {
		"description": {
			"identifier": "angga:bertubii",
			"basic_render_parameters": {
				"material": "particles_blend",
				"texture": "textures/particle/bertubi"
			}
		},
		"components": {
			"minecraft:emitter_initialization": {
				"creation_expression": "variable.size = 3;variable.radius = 5;"
			},
			"minecraft:emitter_rate_steady": {
				"spawn_rate": 20,
				"max_particles": 60
			},
			"minecraft:emitter_lifetime_looping": {
				"active_time": 2
			},
			"minecraft:emitter_shape_box": {
				"offset": [0, 1, 0],
				"half_dimensions": [4, 1, 4],
				"direction": "outwards"
			},
			"minecraft:particle_lifetime_expression": {
				"max_lifetime": 1
			},
			"minecraft:particle_appearance_billboard": {
				"size": [10, 6],
				"facing_camera_mode": "rotate_xyz",
				"uv": {
					"texture_width": 270,
					"texture_height": 270,
					"uv": [0, 0],
					"uv_size": [270, 270]
				}
			},
			"minecraft:particle_appearance_tinting": {
				"color": {
					"interpolant": "v.particle_age / v.particle_lifetime",
					"gradient": {
						"1.0": "#C7FFFFFF"
					}
				}
			}
		}
	}
}