{
	"format_version": "1.10.0",
	"particle_effect": {
		"description": {
			"identifier": "angga:slash",
			"basic_render_parameters": {
				"material": "particles_alpha",
				"texture": "textures/particle/slash"
			}
		},
		"components": {
			"minecraft:emitter_initialization": {
				"creation_expression": "variable.size = 0.08;variable.radius = 0.6;"
			},
			"minecraft:emitter_local_space": {
				"position": true,
				"rotation": true
			},
			"minecraft:emitter_rate_instant": {
				"num_particles": 1
			},
			"minecraft:emitter_lifetime_once": {
				"active_time": 0.3
			},
			"minecraft:emitter_shape_point": {
				"offset": [0, 1, 0]
			},
			"minecraft:particle_lifetime_expression": {
				"max_lifetime": 1
			},
			"minecraft:particle_appearance_billboard": {
				"size": [4.5, 4.5],
				"facing_camera_mode": "direction_y",
				"uv": {
					"texture_width": 4000,
					"texture_height": 400,
					"flipbook": {
						"base_UV": [0, 0],
						"size_UV": [400, 400],
						"step_UV": [400, 0],
						"frames_per_second": 15,
						"max_frame": 15
					}
				}
			},
			"minecraft:particle_appearance_tinting": {
				"color": [1, 1, 1, 1]
			}
		}
	}
}