{
  "format_version": "1.10",
  "minecraft:attachable": {
    "description": {
      "identifier": "angga:cahaya_sword",
      "materials": {
        "default": "entity_alphatest_glint",
        "enchanted": "entity_alphatest_glint"
      },
      "textures": {
        "frame_0": "textures/entity/rowr0",
        "frame_1": "textures/entity/rowr1",
        "frame_2": "textures/entity/rowr2",
        "frame_3": "textures/entity/rowr3",
        "frame_4": "textures/entity/rowr4",
        "frame_5": "textures/entity/rowr5",
        "frame_6": "textures/entity/rowr6",
        "frame_7": "textures/entity/rowr7",
        "enchanted": "textures/misc/enchanted_item_glint"
      },
      "geometry": {
        "default": "geometry.rowr"
      },
      "animations": {
        "wield_first_person": "animation.rowr.fpp",
        "wield_third_person": "animation.rowr.tpp"
      },
      "scripts": {
        "pre_animation": [
          "variable.charge_amount = math.clamp((query.main_hand_item_max_duration - (query.main_hand_item_use_duration - query.frame_alpha + 1.0)) / 10.0, 0.0, 1.0f);"
        ],
        "animate": [
          {
            "wield_first_person": "c.is_first_person"
          },
          {
            "wield_third_person": "!c.is_first_person"
          }
        ]
      },
      "render_controllers": [
        "controller.render.animate_rowr"
      ]
    }
  }
}