{
  "format_version": "1.10.0",
  "minecraft:client_entity": {
    "description": {
      "identifier": "angga:lempar_slash1",
      "materials": {
        "default": "entity_alphatest"
      },
      "textures": {
        "default": "textures/entity/skills/cahaya_lempar"
      },
      "geometry": {
        "default": "geometry.angga2"
      },
      "scripts": {
        "animate": [
          "move",
          {
              "move": "query.is_moving"
          }
        ]
      },
      "animations": {
        "move": "animation.sl"
      },
      "render_controllers": [
        "controller.render.default"
      ]
    }
  }
}