{
  "format_version": "1.10.0",
  "minecraft:client_entity": {
    "description": { "identifier": "angga:pedang_jatuh",
      "materials": {
        "default": "entity_alphatest"
      },
      "textures": {
        "default": "textures/entity/pedang"
      },
      "geometry": {
        "default": "geometry.Cahaya_spawn"
      },
      "animations": {
        "move": "animation.Cahaya_spawn.muncul"
      },
      "scripts": {
        "animate": [
          "move"
        ]
      },
      "render_controllers": [ "controller.render.default"]
    }
  }
}
