{
  "format_version": "1.10.0",
  "minecraft:client_entity": {
    "description": {
      "identifier": "angga:retakan",
      "materials": {
        "default": "slime"
      },
      "textures": {
        "default": "textures/entity/skills/retak"
      },
      "geometry": {
        "default": "geometry.ad3_retakancahaya_bullet"
      },
      "scripts": {
        "animate": [
          "particles"
        ]
      },
      "animations": {
        "particles": "controller.animation.ad3_retakancahaya"
      },
      "spawn_egg": {
        "texture": "kuntul",
        "texture_index": 99
      },
      "render_controllers": [
        "controller.render.slime"
      ]
    }
  }
}