{
  "format_version": "1.8.0",
  "minecraft:client_entity": {
    "description": {
      "identifier": "angga:sayap_dewi",
      "materials": {
        "default": "skeleton"
      },
      "textures": {
        "default": "textures/entity/skills/sayap"
      },
      "geometry": {
        "default": "geometry.cahaya_sayap"
      },
      "scripts": {
        "pre_animation": [
          "variable.tcos0 = (Math.cos(query.modified_distance_moved * 38.17) * query.modified_move_speed / variable.gliding_speed_value) * 57.3;"
        ]
      },
      "animations": {
        "look_at_target_default": "animation.cahaya_sayap.tpp",
        "move": "animation.cahaya_sayap.tpp",
        "bob": "animation.cahaya_sayap.tpp"
      },
      "animation_controllers": [
        {
          "look_at_target": "controller.animation.humanoid.look_at_target"
        },
        {
          "move": "controller.animation.humanoid.move"
        },
        {
          "bob": "controller.animation.humanoid.bob"
        }
      ],
      "spawn_egg": {
        "texture": "sayap",
        "texture_index": 0
      },
      "render_controllers": [
        "controller.render.skeleton"
      ],
      "enable_attachables": true
    }
  }
}