{
	"format_version": "1.8.0",
	"animations": {
		"animation.cahaya_sayap.fpp": {
			"loop": true,
			"bones": {
				"rightitem": {
					"rotation": [-219.14565, 61.95331, -26.7991],
					"position": [-1, 2, -3.5],
					"scale": 1.3
				},
				"addsword": {
					"position": [0, 0, 11],
					"scale": [1, 1.3, 1]
				}
			}
		},
		"animation.cahaya_sayap.tpp": {
			"loop": true,
			"animation_length": 2,
			"bones": {
				"rightitem": {
					"rotation": [90, 0, 0],
					"scale": [1.3, 1.4, 1.4]
				},
				"addsword": {
					"rotation": [-90, 0, 0],
					"position": [-3, -7, 8],
					"scale": 1.3
				},
				"Sayap": {
					"rotation": {
						"0.5417": [0, 0, 0],
						"1.2917": [15, 0, 0],
						"1.5": [-40.79828, 23.94628, -8.58403],
						"1.5833": [-84.84345, 34.84797, -54.3819]
					},
					"position": {
						"0.0": [0, -87, 0],
						"0.5": [0, 0, 0],
						"1.2917": [0, -2, -7],
						"1.5": [0, -2, 13],
						"1.5833": [-3, -4, 21],
						"2.0": [-3, -4, 27]
					}
				},
				"Hiasan": {
					"position": {
						"0.0": [0, 0, 7],
						"0.4167": [0, 0, -8],
						"0.75": [0, -2, -8],
						"1.0": [0, -4, -8],
						"1.5": [0, -2, -8],
						"2.0": [0, 0, -8]
					},
					"scale": {
						"0.0": [0.5, 0.6, 0.5],
						"0.4167": [1, 1.1, 1]
					}
				},
				"Sayap2": {
					"rotation": {
						"0.7083": [0, 0, 0],
						"1.2917": [18.41075, 8.29798, 6.56835],
						"1.5": [-40.38434, -17.46599, 22.79048],
						"1.5833": [-88.5679, -21.10223, 54.39161]
					},
					"position": {
						"0.0": [0, -87, 0],
						"0.5": [0, 0, 0],
						"1.2917": [0, -0.04, 0],
						"1.5833": [0, 15, 2],
						"2.0": [0, 15, 10]
					}
				}
			}
		}
	}
}