{"format_version":"1.8.0","animations":{"animation.player.first_person.breathing_bob":{},"animation.player.first_person.attack_rotation_item":{"loop":true,"override_previous_animation":true,"bones":{"rightItem":{"rotation":["Math.sin(v.first_person_rotation_factor * (1 - v.attack_time) * (1 - v.attack_time) * 200) * 30","Math.sin(v.first_person_rotation_factor * (1 - v.attack_time) * (1 - v.attack_time) * 200) * -42.5","Math.sin(v.first_person_rotation_factor * (1 - v.attack_time) * (1 - v.attack_time) * 200) * -95"],"position":["Math.clamp(-15.5 * Math.sin(v.first_person_rotation_factor * v.attack_time * 112), 12, 999) * Math.sin(v.first_person_rotation_factor * v.attack_time * 112)","Math.clamp(2 * Math.sin(v.first_person_rotation_factor * v.attack_time * 112), 3, 999) * Math.sin(v.first_person_rotation_factor * v.attack_time * 112)","Math.sin(v.first_person_rotation_factor * (1 - v.attack_time) * (1 - v.attack_time) * 280) * -11"]}}},"animation.null.the_incinerator":{"loop":true,"bones":{"root":{"rotation":["c.is_first_person ? 72.5 : 90","c.is_first_person ? 60 : 0","c.is_first_person ? -50 : 0"],"position":["c.is_first_person ? 22 : 0","c.is_first_person ? 30 : 23","c.is_first_person ? 21 : 13.2"],"scale":"c.is_first_person ? 1 : 0.8"}}},"animation.null.the_incinerator.charging":{"loop":true,"bones":{"root":{"position":[-11,"10 + Math.sin(q.life_time * 1536) * 0.1",-15],"rotation":[25,10,10],"scale":[1,1,"1 + v.charge_amount / 8"]}}}}}