{
   "format_version" : "1.14.0",
   "sound_definitions" : {
      "items.slash1" : {
         "__use_legacy_max_distance" : "true",
         "category" : "player",
         "sounds" : [ "sounds/hit1" ]
        },
      "items.slash2" : {
         "__use_legacy_max_distance" : "true",
         "category" : "player",
         "sounds" : [ "sounds/hit2" ]
        },
      "items.slash3" : {
         "__use_legacy_max_distance" : "true",
         "category" : "player",
         "sounds" : [ "sounds/hit3" ]
        },
      "items.banting" : {
         "__use_legacy_max_distance" : "true",
         "category" : "player",
         "sounds" : [ "sounds/banting" ]
        },
      "items.pj" : {
         "__use_legacy_max_distance" : "true",
         "category" : "player",
         "sounds" : [ "sounds/summon" ]
        }
    }
}